{"main":"sapi-weather.raml","name":"sapi-weather","classifier":"raml","tags":[],"descriptorVersion":"1.0.0","organizationId":"859200e0-96c9-40c4-918e-b36c5d106407","apiVersion":"v1","originalFormatVersion":"1.0","dependencies":[{"groupId":"859200e0-96c9-40c4-918e-b36c5d106407","assetId":"client-credentials","version":"1.0.1","packaging":"zip"},{"groupId":"859200e0-96c9-40c4-918e-b36c5d106407","assetId":"x-correlation-id","version":"1.0.2","packaging":"zip"},{"groupId":"859200e0-96c9-40c4-918e-b36c5d106407","assetId":"error-response-json","version":"1.0.1","classifier":"raml","packaging":"zip"}],"groupId":"859200e0-96c9-40c4-918e-b36c5d106407","assetId":"sapi-weather","version":"1.0.1","metadata":{"projectId":"e2f54946-0076-4efd-8f82-2841f19542dc","branchId":"master","commitId":"e4d24540fbc213985884609c6bd2481c87cae436"}}